id;name;description;created_at
1;fishery these precedent;../fake-data/blob/hipster.txt;2026-04-12T13:40:42
2;shrilly;../fake-data/blob/hipster.txt;2026-04-12T19:12:55
3;upright hastily;../fake-data/blob/hipster.txt;2026-04-13T03:39:22
4;of before where;../fake-data/blob/hipster.txt;2026-04-12T20:28:46
5;left;../fake-data/blob/hipster.txt;2026-04-12T18:58:01
6;boohoo blah why;../fake-data/blob/hipster.txt;2026-04-13T03:43:13
7;whisper knowingly;../fake-data/blob/hipster.txt;2026-04-12T12:18:30
8;immediate furthermore;../fake-data/blob/hipster.txt;2026-04-13T11:26:56
9;watery offset;../fake-data/blob/hipster.txt;2026-04-13T11:21:45
10;willow blah and;../fake-data/blob/hipster.txt;2026-04-12T17:52:29
